{"$schema":"http://schema.management.azure.com/schemas/2015-01-01/deploymentTemplate.json#","contentVersion":"1.0.0.0","parameters":{"factoryName":{"type":"string","metadata":"Data Factory name"}},"variables":{"factoryId":"[concat('Microsoft.DataFactory/factories/', parameters('factoryName'))]"},"resources":[{"name":"[concat(parameters('factoryName'), '/ChillETLPowerBIRefreshDS')]","type":"Microsoft.DataFactory/factories/pipelines","apiVersion":"2018-06-01","properties":{"description":"Requests a refresh of a Power BI dataset in a group via the Power BI API.","activities":[{"name":"GetWorkspaceGroup","description":"Call PowerBI API To get group id for group name.","type":"WebActivity","dependsOn":[],"policy":{"timeout":"0.00:20:00","retry":3,"retryIntervalInSeconds":30,"secureOutput":false,"secureInput":true},"userProperties":[],"typeProperties":{"url":{"value":"@concat(variables('PowerBIAPI'), '?$filter=name eq ',variables('Q'),pipeline().parameters.workspacename,variables('Q'))","type":"Expression"},"method":"GET","headers":{},"body":{"placeholder":"cannnotbeblank"},"authentication":{"type":"MSI","resource":"https://analysis.windows.net/powerbi/api"}}},{"name":"GetDataSets","description":"Call PowerBI API To get dataset names and ids.","type":"WebActivity","dependsOn":[{"activity":"Was Workspace Group Found","dependencyConditions":["Succeeded"]}],"policy":{"timeout":"0.00:20:00","retry":3,"retryIntervalInSeconds":30,"secureOutput":false,"secureInput":false},"userProperties":[],"typeProperties":{"url":{"value":"@concat(variables('PowerBIAPI'),'/',variables('GroupID'),'/datasets')","type":"Expression"},"method":"GET","headers":{},"body":{"placeholder":"cannnotbeblank"},"authentication":{"type":"MSI","resource":"https://analysis.windows.net/powerbi/api"}}},{"name":"ForEachDataset","description":"Loop thru the list of Datasets to Find the dataset requested.","type":"ForEach","dependsOn":[{"activity":"GetDataSets","dependencyConditions":["Succeeded"]}],"userProperties":[],"typeProperties":{"items":{"value":"@activity('GetDataSets').output.value","type":"Expression"},"isSequential":true,"activities":[{"name":"If Condition1","type":"IfCondition","dependsOn":[],"userProperties":[],"typeProperties":{"expression":{"value":"@equals(toLower(item().name),toLower(pipeline().parameters.datasetname))","type":"Expression"},"ifTrueActivities":[{"name":"DatasetID","description":"Set the Variable to the Dataset ID that matched the name requested.","type":"SetVariable","dependsOn":[],"userProperties":[],"typeProperties":{"variableName":"DatasetID","value":{"value":"@item().id","type":"Expression"}}}]}}]}},{"name":"Until Status Not Unknown","description":"Loop until refresh status is not unknown.  Timeout after 2 hrs 15 min since the timeout in Power BI for refreshing a dataset is 2 Hours.  This can be increased to 5 Hours for Premium Datasets.","type":"Until","dependsOn":[{"activity":"Refresh Dataset if found","dependencyConditions":["Succeeded"]}],"userProperties":[],"typeProperties":{"expression":{"value":"@not(equals(variables('CurrentStatus'),'Unknown'))","type":"Expression"},"activities":[{"name":"Wait To Check Status Again","description":"Waits the number of seconds specified in the checkstatussec parameter before checking the status of the refresh again.  Increase the parameter to reduce ADF cost.","type":"Wait","dependsOn":[{"activity":"CurrentStatus","dependencyConditions":["Succeeded"]}],"userProperties":[],"typeProperties":{"waitTimeInSeconds":{"value":"@if(equals(pipeline().parameters.checkstatussec,'Unknown'),pipeline().parameters.checkstatussec,1)","type":"Expression"}}},{"name":"GetRefreshHistory","description":"Get status of last refresh for this dataset.  Try 5 times, waiting 30 seconds between attempts.  Timeout after 15 minutes.","type":"WebActivity","dependsOn":[],"policy":{"timeout":"0.00:15:00","retry":4,"retryIntervalInSeconds":30,"secureOutput":false,"secureInput":true},"userProperties":[],"typeProperties":{"url":{"value":"@concat(variables('PowerBIAPI'),'/',variables('GroupID'),'/datasets/',variables('DatasetID'),'/refreshes','?$top=1')","type":"Expression"},"method":"GET","headers":{},"body":{"helloww":"worldddd"},"authentication":{"type":"MSI","resource":"https://analysis.windows.net/powerbi/api"}}},{"name":"CurrentStatus","description":"Status will be Unknown, Completed or Failed.  Unknown means it is still running.","type":"SetVariable","dependsOn":[{"activity":"GetRefreshHistory","dependencyConditions":["Succeeded"]}],"userProperties":[],"typeProperties":{"variableName":"CurrentStatus","value":{"value":"@if(equals(activity('GetRefreshHistory').output.value[0].status,'Unknown'),if(pipeline().parameters.waitforcompletion,'Unknown','Submitted'),activity('GetRefreshHistory').output.value[0].status)","type":"Expression"}}},{"name":"FailureGettingStatus","description":"Set variable to Failure Getting Refresh Status so that for loop is exited","type":"SetVariable","dependsOn":[{"activity":"GetRefreshHistory","dependencyConditions":["Failed"]}],"userProperties":[],"typeProperties":{"variableName":"CurrentStatus","value":"RefreshStatusFailure"}}],"timeout":"0.02:15:00"}},{"name":"Refresh Dataset if found","description":"Check if the DatasetID was found and refresh it.","type":"IfCondition","dependsOn":[{"activity":"ForEachDataset","dependencyConditions":["Completed"]}],"userProperties":[],"typeProperties":{"expression":{"value":"@not(equals(variables('DatasetID'),''))","type":"Expression"},"ifFalseActivities":[{"name":"Fail Dataset Not Found","description":"Fail pipeline with the message \"Dataset Not Found\"","type":"Fail","dependsOn":[],"userProperties":[],"typeProperties":{"message":"Dataset not found","errorCode":"500"}}],"ifTrueActivities":[{"name":"Dataset Refresh","description":"Call PowerBI Refreshes API.  Try 3 times, waiting 30 seconds between attempts.  Timeout after 20 minutes.","type":"WebActivity","dependsOn":[],"policy":{"timeout":"0.00:20:00","retry":3,"retryIntervalInSeconds":30,"secureOutput":false,"secureInput":true},"userProperties":[],"typeProperties":{"url":{"value":"@concat(variables('PowerBIAPI'),'/',variables('GroupID'),'/datasets/',variables('DatasetID'),'/refreshes')","type":"Expression"},"method":"POST","headers":{},"body":{"Retries":0},"authentication":{"type":"MSI","resource":"https://analysis.windows.net/powerbi/api"}}},{"name":"FailedRefreshingDataset","type":"Fail","dependsOn":[{"activity":"Dataset Refresh","dependencyConditions":["Failed"]}],"userProperties":[],"typeProperties":{"message":{"value":"@activity('Dataset Refresh').error.message","type":"Expression"},"errorCode":"500"}},{"name":"Wait2Min","description":"Initial waiting period after refresh was requested","type":"Wait","dependsOn":[{"activity":"Dataset Refresh","dependencyConditions":["Succeeded"]}],"userProperties":[],"typeProperties":{"waitTimeInSeconds":120}}]}},{"name":"Check Status","description":"If status is completed, refresh was successful.  If it is was still unknown the Until Timed out.   Other results are a failure.","type":"Switch","dependsOn":[{"activity":"Until Status Not Unknown","dependencyConditions":["Completed"]}],"userProperties":[],"typeProperties":{"on":{"value":"@variables('CurrentStatus')","type":"Expression"},"cases":[{"value":"Unknown","activities":[{"name":"Fail Refresh Timed Out","description":"Fail pipeline with the message that the Refresh Request Timed Out.","type":"Fail","dependsOn":[],"userProperties":[],"typeProperties":{"message":"Refresh Request timed out","errorCode":"500"}}]},{"value":"Completed","activities":[{"name":"Successful Refresh","description":"This is a placeholder for a successful refresh.","type":"Wait","dependsOn":[],"userProperties":[],"typeProperties":{"waitTimeInSeconds":1}}]},{"value":"RefreshStatusFailure","activities":[{"name":"Fail1","type":"Fail","dependsOn":[],"userProperties":[],"typeProperties":{"message":"Failed to get Refresh Status","errorCode":"500"}}]},{"value":"Submitted","activities":[{"name":"DoNothing","type":"Wait","dependsOn":[],"userProperties":[],"typeProperties":{"waitTimeInSeconds":1}}]}],"defaultActivities":[{"name":"Fail Refresh Failed","description":"End the Pipeline with the message that the Refresh Failed.","type":"Fail","dependsOn":[{"activity":"RefreshError","dependencyConditions":["Completed"]}],"userProperties":[],"typeProperties":{"message":{"value":"@concat('Refresh Failed, Error Code: ',variables('RefreshError'))","type":"Expression"},"errorCode":"500"}},{"name":"RefreshError","description":"Set Error message to the Refresh Error","type":"SetVariable","dependsOn":[],"userProperties":[],"typeProperties":{"variableName":"RefreshError","value":{"value":"@json(activity('GetRefreshHistory').output.value[0].serviceExceptionJson).errorCode","type":"Expression"}}}]}},{"name":"Was Workspace Group Found","description":"Check if the output from GetWorkspaceGroup is Empty","type":"IfCondition","dependsOn":[{"activity":"GetWorkspaceGroup","dependencyConditions":["Succeeded"]}],"userProperties":[],"typeProperties":{"expression":{"value":"@not(empty(activity('GetWorkspaceGroup').output.value))","type":"Expression"},"ifFalseActivities":[{"name":"Failed to Find Workspace Group","description":"Fail Pipeline with the message Workspace/Group not found","type":"Fail","dependsOn":[],"userProperties":[],"typeProperties":{"message":"Workspace/Group not found","errorCode":"500"}}],"ifTrueActivities":[{"name":"GroupID","type":"SetVariable","dependsOn":[],"userProperties":[],"typeProperties":{"variableName":"GroupID","value":{"value":"@activity('GetWorkspaceGroup').output.value[0].id","type":"Expression"}}}]}},{"name":"Failed to Call Power BI API","description":"Fail Pipeline with message, \"Failed to call Power BI API\"","type":"Fail","dependsOn":[{"activity":"GetWorkspaceGroup","dependencyConditions":["Failed"]}],"userProperties":[],"typeProperties":{"message":"Failed to call Power BI API","errorCode":"500"}},{"name":"Failed to list Datasets in Workspace","description":"Fail Pipeline with the message \"Failed to list Datasets in Workspace\"","type":"Fail","dependsOn":[{"activity":"GetDataSets","dependencyConditions":["Failed"]}],"userProperties":[],"typeProperties":{"message":"Failed to list Datasets in Workspace","errorCode":"500"}}],"policy":{"elapsedTimeMetric":{},"cancelAfter":{}},"parameters":{"workspacename":{"type":"string"},"datasetname":{"type":"string"},"checkstatussec":{"type":"int","defaultValue":60},"waitforcompletion":{"type":"bool","defaultValue":false}},"variables":{"CurrentStatus":{"type":"String","defaultValue":"Unknown"},"GroupID":{"type":"String"},"Q":{"type":"String","defaultValue":"'"},"DatasetID":{"type":"String"},"PowerBIAPI":{"type":"String","defaultValue":"https://api.powerbi.com/v1.0/myorg/groups"},"RefreshError":{"type":"String","defaultValue":"Unknown"}},"folder":{"name":"ChillETL Power BI"},"annotations":[],"lastPublishTime":"2020-08-25T03:58:47Z"},"dependsOn":[]}]}